pay_code,pay_code_id,is_overtime_pay_code,is_leave_pay_code
Perm Weekend Nite,a890228c4bd86c0283c4a26f7e121201eea95a1c1b4652d18743090ea478e0f3,false,false
HH-Hourly Clinics,93166ade07f35efd2a8a2299ef6977d47ebc26ae9ddd92a0ebb014c3c8432f0d,false,false
zzSEIU No Min 8,5d65ca21baa908153966d196fa780d161ac1583f051dc0b2c2def8bab7a9a414,false,false
HH-Hourly,d930c519d533154a91e330e8b9ee46983bd1d4876f9117d5dedcd773e602a82e,false,false
Vacation TM,fe43f3ac3a36fd4a1498699b584c2dc24c7866e76e7467afd8d39d03c8b707a8,false,true
TM-12 OT 50HP,ebc34e675f25c1de6bc555fd7540b5dbff27b723043abb966dc7f278a10547ee,true,false
Sick MNA TM,71c82e75cd657df9c7a78c91d6df465251718c4690e68ed2462e7621f231307e,false,true
Sick LOA MNA TM,505a0c54e27cc12b0bb4566b059e2dbbeddbb4774966e07594768693acb19a11,false,true
MNA 12 50HP Admin,131496e584978ed17f24ea19f2a66b448efd2456846f341a2dd1965a14d43264,false,false
TM-08 OT 50HP LH,e8758e47d5b3fb619658383c82115f7c01cda576e19b66cff30c0614c52899c8,true,false
Personal Night TM,4cb93418711a94e725e30d4b8aee5d6f7c63fea24ff4a794c90b3d6f78c20014,false,true
TM-Temp Reassign 16 OT 50HP,d903e1e0be700bf974a4bba3efe730f937f978f8e46df1732681b9ce7548cf3e,true,false
TM-Temp Reassign 12 OT 50HP PN,48bf2fc3e2521ff4870e2dbb934d6b76a07a9d86bf0565592bec9f0b86e383e1,true,false
Jury Duty TM,00359713e8a9dc70eafd5e3f90fa23f1f34fc56b68751aca0fa575b8b8967e8b,false,true
Bereavement TM,facec4e37b5eee604716b458e0fe3d573ebdf35d5dd0eda3e7db3000d163d9ac,false,true
DNU_Hourly Call Back,3b91ca852edf77bc2559ab58e61e854971c64a547a0d45949590422f066d44c6,false,false
Hourly On Call,6b4a6618e4edb91cfef7f5336f988184c4e2dc8d043bc7f0e6a2d7d681710809,false,false
HH-Meeting,b740465e559a8a06df8f35046a2fec8c7367c848ac717bb6c5213853a7b21a4a,false,false
HH-Charge Pay,4ca2b26b461127ec3248c72fc329ec978820901d7715f79e0fae5e99e864cb22,false,false
HH-Union DOT 12 No Min,79ea8ad27f3a67b2329bba06abb6b9d612801cc2464c16ab707f2d58088b6950,false,false
TM-12 OT 50HP PermNite,5f986d60e0957b91eebc096a000f3b4ca75c776b63b8ce31ee56d126325dfe62,true,false
MNA Float 8 50HP,9af0722f359aa1c6bb8d91e06ccfe1946d5faa8b576451aa4b55f67a8755d386,false,true
Sick Unpaid TM,702a359639aa433509d1433a3870694f813f03c990683454e1deac2cdf36cfc6,false,true
Vacation Night Unsched TM,9b6f7e059040816301c2e30cb216604c48386f5b057e540bee2018001eb6f4d2,false,true
Orientation,e3d11242200fe8f2f21c2e5334ba0e0a7aa4dcd2a4533f92f4ec921fa9ff16a4,false,false
TM-Temp Reassign 08 OT 50HP PN,ea8f9159a529d5fc080902fd73367a4648448e7626b7d545068d8e08eac990c5,true,false
TM-On Call RN PN,d368e862ef7ece496a25eeddb45ce7956513c4a71da0edb5ed7482c7eb9f1fcb,false,false
Bereavement Eve TM,31516bc390bbfa9b4cdda4e30c8d83f3907403255dde84ef5af66d90c6507965,false,true
Holiday Unsched TM,112fae4d68594a99d81b3560a29578e1790080b3b6200db00b37d995025126e9,false,true
TM-08 OT 50HP Time Stamp,2a10134820f0b1a99450b52be86fee09d372abbc27e87a5f98c42c382da6843e,true,false
ZZ-TM-Float 12 OT 50HP PermNite,5be61653a078ca112c77ceab79a57e1446fd45a9b15f70172ed78c3b3c090962,true,true
MNA 12 50HP Orient,a0089d70867f1d948a4a032d790117a1ff6ffecec6509ebaeef37df00d6d48c0,false,false
Sick MNA Unpaid TM,dac729ffcb393ad09122626ffaac9b895e70d8a9656b26e4c2917d22de6ea528,false,true
TM-Float 08 OT 50HP TS PermNite,437f7d27db51f41a443cf77b3312f5a1a06d965322b70ca0b1c94ea21a9cda66,true,true
On Call Called In Non Union TM,3f6ee00de7ebca4cd874dd33c610e9677f59b00e33fbbd1b5bf6026f4290d27c,false,false
Baylor Saturday Night Transfer,df77881740798e1d56b1cd6091e6d92463e31a52ceddfc5abd8b346d69a763de,false,false
HH-PTO Scheduled,e38f4300555165e993929b24389d78f82b7f1494bcbf26e67d9cfa806c96834c,false,true
Perm Evening,1a8de4db906570c814d195f58f0e4a3b09c681b6e7c84e05763e60f9e5fc2201,false,false
PTO Scheduled Eve TM,697cce6a4530bf7a821d9be451008d35cd1be950e49c8a743d54bf5f2ab2cc08,false,true
HH-Hourly Mon AM,4ba94f0c714fba7aba6a289842398801290790ced261a04637f91e95dad4f03f,false,false
HH-Union DOT 12,969ef10fdef49e631fdb3b72001d8e387d9bad8c2520f56b9452742f4dd61cc3,false,false
LOA - Un Paid TM,05b3ccce26d4f08c35c995d7e7a31c4c5481a51ff62b006e6882d881a9e0849a,false,true
TM-On Call Non Union,a70295a799e2e6e2dcafef688aa688f79c32bd6581e825358637c61a8fe6a0de,false,false
TM-12 OT 50HP NU,e97e93104e93f573ca7e18cf3d3529544b75a13821280791c86015e33b86bdfc,true,false
BT Meeting TM,892eed48ae525ba186bb3046293970f2ddfe18ba1c05269b61421dce43463368,false,false
MNA 8 50HP Mtg,dbea1ea10606de45c6eb25a825782be2885789cb76affb22b847b765c4157882,false,false
MNA 8 50HP Orient,ea7e97ceeba2d305d1c020deb282cf2dfff5e793c23caf1dd562a6c4f197f208,false,false
HH-Orientation Hourly,2265e47015f49dd1a0728e7208a9c72faaa8b83f19a0bb3732f018eee8a95a1e,false,false
HH-Union DOT 9.5,d18747ff1e02ca04c45237366f7d889d2c733bbf6518ef4a2a4ef012faf9c184,false,false
HH-On Call 10 Low Census,8162e94d1cdcf9009c777da904699a0dd098c0d2900eca5755e8c3e1726df989,false,false
MNA 8 50HP,79cbcb165a6b027dc8ba54de2292e4f7913f7b303b23a650f324a06c3fbbf813,false,false
TM-Float 08 OT 50HP,4c9b5188dc4e3f48bccf91ea899735d09332758bee25881650599cc2578fdae1,true,true
PTO Hourly Unsched Night TM,5b6ca8fade0ab066e7982d0cb0dedfcfa29401c24d5ebda8a10570ffe27f8e8b,false,true
Personal Unsched TM,7071cd04373a254f1b417efc673f3e74ed99378087a66d70d757e84dded27510,false,true
Professional Activities TM,9f16306382a01898dc7bbd1e598429ae166407b1440e809465670ffc5ad28028,false,false
TM-Adm9 indirect,67493311e8d5ec3562c608e11375cec6a2ef5eb1196ea15752a36d0f35a00739,false,false
Vacation Eve TM,218878c83ce9b5e6692c77455847350cf86fe0c21ac5dfc6cf920bed63c2c097,false,true
Holiday Nite Unsched TM,52e9d57b4c9fe607501f5fdb60e764aacee2c13700dafa5b4df8beaa93fe2f9a,false,true
TM-Float 12 OT 50HP NU,11bf0cd0ca381ba72bf38bb5270de29af4d25ad5a7796c0949bd239e8ed5f061,true,true
Hourly Aide Clerical,164d9c958eccf1f772dc4c6de1bc6710671267bc063e43e4742607ae76be5202,false,false
Hourly Hospice RN LPN,b04d697566c96750b6fd7e8a85786feed79044d5dd025380eb3aa67b81b3a788,false,false
Perm Weekend Day,afe52c79c13d97463f684dc1a2f9d2426f7597602f7ad1ecbaf9750067e2f999,false,false
PTO Hourly Unsched Eve TM,b10818ef4b0ee6ea35abecc74f63ce40b2a4a120f2ccf19ea82072f404450638,false,true
TM-Float 12 OT 50HP,d7cf8b3d2e05f3e7502ebb1dd1c8041f42425a4918920c4314b8580d65a79d36,true,true
TM-08 OT 50HP PermNite,02a8570150a7fa26fa6a5f031db6039e137fc7d1774a44411623a4dde425b2d0,true,false
TM-Adm8 indirect,fe8265812e8f6957916758aa9f46be0c197c23470f60e8af557a3cd52b3d8a6a,false,false
Cancelled As Requested TM,778c3cc81889c60141112c836294bfeee493c39eeac5aeda2a51ff5f84dc4c96,false,true
MNA 12 50HP Orient Float,a5ffc86fd4894ae9e0c10347e0443f3f7873b4ad3dbc5999daf56aaaf21a84b8,false,true
HH-PTO sick,986507ca8bcca3a1d3e0989f448bc3d526d4693e647229e894b3db44e65c37f0,false,true
HH-ESick,1dd612b8e22d3ed25e63e80b3ebea52209dee43566b58620109574f4683df1fe,false,true
HH OnCall Union,ac2e446977cd968f5197d744a7fdb0910e79de4af5727cfb5ab2cf299c0b64f5,false,false
HH-Pharmacy GF,c063eeb2dd32903a81be7f1426e7dfbf74e9d52c959a0a8068724bec74aa5fc4,false,false
MNA 10 50HP,ba2641866c8ce94b694a237336c22c17d48a2be15f38e89a97c12ca178f7961e,false,false
TM-Adm10 indirect,3713041f6a161db78f576040fdd45f0d8c8055a66983b7524ffa3a7b2cf4d4fa,false,false
TM-Mtg8 indirect,ed1a4440681557b44ce2d1e3a70b550c229e6f3a6ba6604a24f63571aa5c9ed1,false,false
TM-Orient12 indirect NU,c3f5acc35ff980aa728da0ef7e252606daf2ec6beaff5d3c38f8ab338a904495,false,false
Flexed Unpaid TM,681f1d81a35a3c8ada8503b34f6f5f6838b12583196771b80936e8752db1c9fc,false,true
Baylor Sunday Day Transfer,c0ea72f0b43383b98e0afa8fe66479996804e8e429d85a943211c973cefb8118,false,false
normal_worked,0b2e54172201f3eb5f895a3dc986ac18f6201838a472f4f22d73f444df22ab5c,false,false
Perm Nite,e38d8c865c939610a651cd85684ce963afa2ef6f7f99a2f15f8cc4b1af57d749,false,false
TM-Orient8 indirect,08b5240a884f663b7c6c430e38df6757a307325a05d4ba968df0859564e195bf,false,false
TM-10 OT 50HP,0c8d7ba008ec31782560264964e647de43519b5250230d6422777bfdb5aa35ee,true,false
Holiday Eve TM,d4a89ac2fb55c82a95acc812682add8565058c99501aaf5b966e974757fb3804,false,true
TM-Float 16 OT 50HP,54d4957b125194a4988b4c093800d0f0138972e18b1191c35b94c73cefe92f4a,true,true
Hourly Hospice HHA CNA,7dcad174d014bc945f87cf6fa05ff6d5a6e0cb94176acfc9c518d20b133ce94f,false,false
Non Prod Orient TM,5d62c4e172180c3ef7a7658a37c0a56b21233b120740f5ae7b6bf8cd087d9fa5,false,false
UNSCHEDULED,35dc5f240989aa729ba065da3b6fc839d5af087d9eedb593f9246b71e01411c2,false,false
HH-Union DOT 8 No Min,922c76d337fb4a17d2613d10342eb37153b17f178e289f03d3810bc6efbaa918,false,false
HH-Education Mandatory,4d80d3e9feaa4733742be403981bff0e573c8887b1f18439ce2c646273314e51,false,false
TM-Orient12 indirect,90825b6f8ad28dc1fc8fd783b00920a5efe0ed2c1d93b2caa19f1dbbca7a299d,false,false
TM-10 OT 50HP PermNite,62f0e630ec1c12c7c6ea96c5236056fb8e852e246c8f6a960d15b0ea08f8c817,true,false
Meeting TM,576dd1a374bc2713cf09ab3ed649c5e328cb13d90bed08880f44d170bbf14ebb,false,false
Administrative Time TM,ee2054253e993d52063082c169cbc4ee050a8f7bbdef86362bb9b51bdecb7fbc,false,false
TM-Temp Reassign 12 OT 50HP,500e1c07542764e65f5d012d6b0d5c3123579df2723bfe17276eea84127912da,true,false
TM-Orientation Non Union,c812f860307b3855bca19385cf1bcf9982fb2845f032f9bd2fecbefd684e5e5b,false,false
MNA 8 50HP Edu,577c460469b64c88fd83612613022023fbcf987153f9774ce297b6a87f3ff89e,false,false
HH-Unpaid Time,e5a021bde8e2fe436560f96b03a5a89baea7ee01d58aa19c1c4c4b510b1f798e,false,true
SEIU On Call,d9c876db782daf2425e09541fd8e7cf5b6e7be60c26e23b71baab415c855bd5b,false,false
HH-Nursing WD,8b92053ae79f5b66cc8928968b7c3c9c8d59f6e32a4691a186a05313272e63a2,false,false
SEIU 12,ac7b14eacf894f20b299ac3da940e4442064908b710e6e73f86f4c35dc2012d2,false,false
Charge Pay MNA TM,05a83f853ef235493c7858e7d597f0a51d3701865823d59d9b14788532cf884d,false,false
Vacation Unsched TM,00015f33bfc70375a8bb911e3f63b283e8d57c666baeb6766b2fd354831bfc9f,false,true
TM-Temp Reassign 08 OT 50HP,f422ae4a78e015a8c656aa7393a7183ea2a0680003bde672b7908db3647220ec,true,false
MNA Temp Reassign 8 50HP,6737963f833ef74829b4b8c28e83df3934a62468fd287b6b265349203466482e,false,false
Per Diem,ae2b43a4106b147ed0d7e12e48752a4d7008a4e2cf4698222f8471c201b51e44,false,false
PTO Scheduled TM,348625dd1de1c80120ac16e3bb274cd36d76a8e330ca1ea8288e9ac645fab726,false,true
Hourly Mtg,e897a1b78fb8baf2f67167522c1d1f4a7a49c239126df8c46106dbe4d2010f80,false,false
HH-RN Preceptor,9948cfe48e818b2ba8c6873ca30d005f3f46c6e9a1e70600df104342fce804e1,false,true
MNA 11 50HP,0bc6d6ddafbcbb2be5866a35932df117b934f7b4f1273bf2099cbb3a7048d64b,false,false
TM-Float 10 OT 50HP,5adbc054d37c87695682a3dbb4703a1ecd626e0ce9f492844f2fa4dddf1d1f70,true,true
Vacation Night TM,efc8ac6eee2a057fdceaada34266a05ef54e15ac3577687a6496ecc19a58151a,false,true
TM-Adm12 indirect,8aaf7d44c616e15c910f6ff3eea79358f858becd9b98dc553d720c2e6dbbf990,false,false
TM-Edu8 indirect,1a4094b20fe7ec30fdd62161be9c7899ed8584809828af77c0e89f1bcefdd803,false,false
MNA 12 50HP PermNite Admin,878c3a8c7497b3a61cfbdaafb38c53a0f09c7efd2495b3fc058eb6d7646ee157,false,false
TM-Edu12 indirect,ce9c28eb43dfdf22fec5637f231ba97d54e63e8805febd37c4c1e8ba486b6ae7,false,false
TM-Education Non Union,c0a240a2478cac167ab7d48815c8efc03032aeab1b7d7096b7dc59fc2ccdacfe,false,false
TM-08 OT 50HP Time Stamp PermNit,378123d0cc68696a409c9256298d95b00f3b8526109365dfe4ab8d3244f863e6,true,false
TM-Edu8 indirect NU,8c7422d3830d724d0b404fe353fa22df132d631c698c8ad2189cae3454cf99f7,false,false
Flex Vacation TM,b8c351fb295a71c3e58cc75cf6d1f91bd820420feaa0cb4ca3729e611cc5a300,false,true
TM-Education Non Union NU,62925af6b878c3a1efe89625093a7350e993f1a09def9109509b596b56efa14c,false,false
Perm Weekend Eve,11243ecfe1c2a992ef7dd00faefd70c95fba505183ed71d3dbb1257e36d0e4db,false,false
HH OnCall NonUnion,dadeb89532ebeaf8e38ff673dd77f07f68de1eaf815287c6a21de7ae9f4cdff9,false,false
On Call TM,021b2d349b4c7a9a3b54237481af4df48a95be3bb38a9826f57f80e44588a7eb,false,false
HH-ON CALL 5,d6e4a9b20ec15a5171ea0f9a40f04816fbe3ad0a7462458d0ac01fd676155455,false,false
HH-School of Nursing,90db99b949e40026ee06568385b69eac01f20d963a782924e3f21a5749c61a9a,false,false
TM-Temp Reassign NU Meal TS NU,64aef3edf88739933a3e98cb0112a5c5712162ee9971fbb2e526f40b90085d8f,false,false
MNA 12 50HP,accd6ee18c86d322246315d7c3aae814169bac0192e9e86915eabd4c797117ce,false,false
HH-Nursing,4b32c80c92c9f455a21309766a8d6b70581eece7a1128e5d8196e51ec141b898,false,false
MNA 12 50HP PermNite,24158618929c750ac6486ed0bc39829766d8e9d78680875f0a47d3f10ea53a40,false,false
Cancelled TM,779f3b03aa10e730bea2d31f7028612aee4633acbcdd438cd3ee297bee8b7781,false,true
Orientation TM,aaa5999d6d0b29744948c643922dac0e799c49e545db709e9a103fef0c16be8a,false,false
TM-08 OT 50HP,38f55dde661c921a2fb0cb8d8bf53351091f2f0ee4d16c9f6b05228186c883e1,true,false
Personal Eve TM,14d66d67fbbb8ed296b96c693ca465787637967cc06649209247b64bc1b2451f,false,true
MNA Temp Reassign 12 50HP,08005bd7ba09957fa3c87774e142d4a6ab5874c36457468f1f97d5e59a432114,false,false
TM-Orient12 Float indirect,a52e606ae31c866efdfcdf0e200b6c2f1efa5867e22b8eb5f55f345aa8e03c3c,false,true
TM-Orient10 Float indirect,304494684da159c2f5ecdce9595da3c01e93e2479458bc41cb5592dcbe8066d4,false,true
MNA 12 50HP Edu,8a59af2e1068bad233b52a28c4a544e6fb014d8b16ce61f0fcdf103d385da6e2,false,false
Approved Absence TM,f147c1ccc823b83c7bb249730ed04b86b91f47d2ebb5aec25c1d475e52f7d2af,false,true
MNA 50HP Call Float,d973587963e392bb59f16b7ee84eb67711280b596c4529e91c9694e28e9da92c,false,true
TM-Orient10 indirect,9d3f981c0c21f543e809f52a69160e7a8cf21613d86eea1df739b05d21ed61fd,false,false
MNA Float 12 50HP,5f839e3c04da81b3c5d0a96c29effb92ef9c876f59e80460fb5657df68b284a6,false,true
MNA 50HP Call,72faf1a7d704ac0e1cc6fa830310c8e828d6b22b8243bff2dd160f34a9b17f72,false,false
TM-11 OT 50HP,5697ce81765da4aca711e10f34a88fdf4f9ad4a70542165562e6efac5ff01ffc,true,false
MNA 8 50HP PermNite,4c31e98acaeffbdefc500cf0094b5433748a67720f361a1ffd74552ebb274e3d,false,false
MNA 10 100HP,beb26f3d1e8e363d6f713dd7236b4d2702ef95b0a9638e4f1c8fca6c88160c46,false,false
MNA 10 50HP PermNite,40695217b550acc2d040d93268b656ef0e46ba375fff3f358073660b152a60b4,false,false
PTO Cancelled TM,2a404cec90e78154206595cce676f6441921e2a935e7e958dc8e88bb1a519a63,false,true
PTO Unsched Unpaid TM,b5c02ab05d66d80d4cc915e3c86dc30e744d01ee073fb2f01c2f879409f114f7,false,true
TM-Called-in RN 50 Float,50d43b2cbc4e66d73869477e51116aa32e34c4a90b8fd3277ceaf23637f21b4e,false,true
TM-Orient8 indirect NU,1bd5d5ffa743fe37c30d0a9ebf7895446bf7641513c8be0478e5c105e32a43b7,false,false
Regular TM,88af3c6cdf62e4c32bb95ab1d3286d47acb2d43ac5f85a14f7343757d5653b16,false,false
PTO Hourly Unscheduled TM,7e26ace81a4d4d7b3f3a60584f107566d915b4e7bc3385f1eacff9d48ffe2f63,false,true
SEIU 8,d3e1d1ad5210c8d5346df7b82fcc0209c050f319b27563500578e44ab71bfbc5,false,false
HH-Bereavement,791553abd40acc358d07206d18deb775bbe922e6c57e7aff864d74da53efcc85,false,true
zzSEIU No Min 12,2e91dacd4fed20f2b00eb1c4d0f96edfa93056af12e60f5cde82125e1490ec4e,false,false
zzSEIU No Min 10,5b27f3b38c6725a63169a54fb5b50797a1759382c294869caafb73aeb1bea0be,false,false
Non Prod Edu TM,b013e61ebf1866a4f14237edd8e8e4a163d73d7f12a028b84508ea7adf1f6b28,false,false
Non Prod Mtg TM,b55e8e2b5a45fbcee19eaf4316d9bde7f4b7fd8fe20904173db282ede20f36a5,false,false
TM-Edu10 indirect,d563568487b56295d1894e859828a5a6d2976041a2981e456fb7de8cb7e134a5,false,false
Non Prod Adm TM,fa0c7689573bf4e9409cb21538433640b224c564df2f22cac3b4ea08a16f81d3,false,false
TM-Non Union Meal Timestamp,ed4762022b238a9b44a3f7eac40df5926c3957cfa46956d0c22e04fc3c744be0,false,false
TM-Called-in RN 50,5ddb058b3e73b5a841db20ec020fd2ec6807802410512165ff5c00116f0723b8,false,false
Bereavement Night TM,4b06286d8d1fcb8904fe18c72f697325ae8ed420f26d2b22790a2f14c03d2bdc,false,true
Flex Personal Night TM,23ba115ae7fe1b0ca56eba640e56f3cf2e7e380dde8d6d1966942016676d85c6,false,true
On Call Called In MNA TM,dc33cf0eafc827597ea8ec4feba703501788b5a0c041a61a3653c95a7ff5d211,false,false
TM-Temp Reassign 12 OT 50HP NU,ab01833d59d62a49cb2fb2033f75cc8a518f4fe52b160481499d123ae9c8ea3b,true,false
MNA Temp Reassign 12 50HP PermNi,af0f680990d0ef7d00e10cfe9e5d6f1bee3e00a3ac896e5806548ddf57c5ec1b,false,false
Salaried Regular TM,083ea5f779d1b38873abfe8f2068b5dd3fcc6debbda3eeb774c25539997475ec,false,false
PTO Scheduled Night TM,777da32e669fafa7cd6d2f21e4d340dde0de910fe920a04388106921d3698fe5,false,true
Unpaid Time TM,d110af557c82d4da36a75177508606a86f7094523beacd2084d183b575eeeee7,false,true
MNA 9 50HP,0461ceadfc0636bae997f22f71c4d22537d86669a71c6c50d857b6aba3aee71f,false,false
SEIU 10,5f45485043d7cda78ef458684983716587ca5e1669f03e1304193a7946e7e890,false,false
TM-09 OT 50HP,a4b31fce3f5d65a485dc253070520cc7a56a38cde43ac55417613550c98c6a7c,true,false
PTO Salaried Unscheduled TM,abe529efc6f6943be2f09db0a876f500e10e7514e0a9a9b85ca2d8e98646e813,false,true
Personal TM,f106015a3aee00efdfb584470a33b034d4cab9b3d7875b90c966cead8156d482,false,true
TM-TCN Admin 12,6d9fedf0c29b74a88839252ea1613a4b31897fd197f9840e662d33cc49d76ca9,false,false
TM-TCN Admin8,79396333b70df638591f282a6fe0336aaf199bf8b592815e72846b1f8de08328,false,false
Hourly Clinicians,82815b8fd5d65f9cf8fee79c054aa9a22d780aedc43990a7586ee04b615b254d,false,false
Hourly Temp Reassign,050bedf694f7a890898b3a407d7bbda288db77c264f949b371c613884774845e,false,false
MNA 8 100HP,a4a4e41fb13124daf077339cfe1b589ada94865dcffbdff5a71df0ae91b039fa,false,false
TM-Non Union Meal LH Timestamp,a76c768077eba67994be4f1a1b978f2b44bfc4834adf28c3b6b00ef18409a8fb,false,false
MNA 12 50HP Mtg,8849739f2df141831fc880615398d346140434bbae32ab9eeb3432b908c762f4,false,false
Hourly Charge,b4295d105adcb1bcc672d198c2d0a64a680911d7f2a98d33ea1ee6d110fc6239,false,false
Baylor Sunday Night Transfer,aee501610f8f202bef1dde0f02251236989fe856634b20a0f726875e70e2b430,false,false
Exempt,28b75de89786361fc94384c2a682c559d51f78c56e9e7b03e7be932739d65240,false,false
Hourly Orient,75562e3d11252ead012dcb9e1703bcff38f360997126718f5e6f2c8af139dfe5,false,false
TM-On Call RN,e5a08db95810eb228bcc65e1f7fc7afe63f40ab8a706df5cfb5e9afa77487d01,false,false
Sick LOA MNA Night TM,48590400e77a706a40d56004730d0b667289440ac3039f9e67322d2d3f6c8e03,false,true
MNA TCN Admin 12 50HP,6cbced3dbea13c9a0204e8161e2b05166cee2d23d3e9128a53eccacd6ef9bfa4,false,false
Education TM,1969407908246f5d386b57e80e69cdbd48182ae9f3578ce6b9ac8e56d8d25570,false,false
TCN Charge TM,c7279ec952997e2e73b38d549eec8cc7dba11385f35ea68275f2698e98bf640a,false,false
Hourly,eab0cd8fdf9bccecc74e5a010b32af35986e3929184a599f5aea3b8195340ee2,false,false
Hourly Edu,21cea72334c3e5de60baef1aa2e6654b0c5c5ccac7ca8c28fe75dd91a813a5ec,false,false
SEIU 8 Per Diem,cf0a3bbc17840cfd3c5c2f0a527232449f51e4850602220c6e214b531c823e32,false,false
MNA 8 50HP Admin,04b1afb452c3f21cb6ea45b93f35997bc4026b591191704fb485a4472ca61781,false,false
Hourly Admin,e9cb45abdb44809306b8893462dec74215001af56f3166aace83327cf27988ee,false,false
Sick MNA Night TM,83bf6f92e124a72087f00eb453863863959298fe97b7d1e3836a40d0ffe29bf4,false,true
TM-16 OT 50HP,3769423816e0270ce0641cd19b3dc00bfff39e4b5c01e86054bfbcab0c6ab740,true,false
MNA 16 50HP,9f8ec0204d950265c513511682fd0267c5fc68a54d1944bd20ce367a79c64c56,false,false
MNA Called in 50HP,13a6e0888b9902bb79058877004614db26d4ce8b26c23c739126e28c7ef1ad17,false,false
MNA 50HP Call PN,efafcff3fdad865cfc54fb0934ea1f957d64a22bafdcbf36c2fe6cccd32fc842,false,false
Per Visit,6e81a17699449e8e3bd56699bbdf2cc6ea759ac285969da8ab10bf76274659bf,false,false
TM-Orient16 Float indirect,23f31a49347bec3fd3eb60bd01b96f514c8e7b915eb9a92a013c1c30009fe688,false,true
Sick LOA Salaried TM,135c9d94465e80b5a76823c9bb3fe277fac68ad9f9614e720095970a11f10abb,false,true
MNA 12 50HP PN Orient Float,f2215a3050c776556f93d90c25cb1ccfb38779a4cb8306f87e09065520a53cc5,false,true
TM-Temp Reassign 08 OT 50HP NU,b469ae98c140b13bec5ca9ecd07a7191397192db923ed7e60f64af279c55055b,true,false
Jury Duty Night TM,6bdd6037fe27c0d4793bcb5d2a1bb0d4e5e38a096f6bab6214256239057bdc0a,false,true
ZZTM-On Call RN Float,2720702aefa2a84db561da375a2397dcbed45fcb8e4047589b9004347461c6a2,false,true
TM-Meeting Non Union,65727309e2b63175b03ea7e2ecdfe85cc3a7d4a8b95fc93a244454ef834d6e60,false,false
TM-08 OT 100HP LH,7f25d38a9a5ee6056d2abbd373df4f2dfbc24256c1cca0a58163f1779d09fab3,true,false
Baylor Saturday Day Transfer,bf67c11648ffc68cd344c04611c5c5fbb27922315ce31dd70bfa6455a4d4b30f,false,false
HH-Education NON Mandatory,065b7064ef3c742c1008437deb05135c006eef28b03e14b09312002316668dad,false,false
MNA Float 12 50HP PermNite,dee3fee910d27be66ebeddaa0db6cb179df45da3009bf0df69ddae73b4687d2e,false,true
Wrong Function Key,7d2a792ff34ec044f5dd547b0216d15118f793a6079337385b3d38a2a86b12e1,false,false
MNA TCN Admin 8 50HP,d3b1f31f194f9a00f6085f5f67c827c9471b358f75e81d8312d8c6d3a0c57de0,false,false
Sick MNA Eve TM,70fb8a58375ff890f97570144ba1d5c7cd263a239b7e2905f5bf24e36e5c5289,false,true
Baylor Friday Night Transfer,e7f53865f02dfb569d925fa1b51a2be0e240bb6832aa264d87012fd0d5a0e63a,false,false
TM-Temp Reassign 10 OT 50HP,8e390db48eebf860a7de9b99701dbe99df67028c27d8d466a64a03822a13344f,true,false
TM-Adm8 indirect NU,05180baaede305c6ffa7c582b8df407432b999af8bf84022f951829c5e8913d5,false,false
TM-Non Union No Meal,f03df4fe64460c09863aa7f2ce5d3aeee96d1a85cbdbfe0c1fc68150cd8eea6a,false,false
MNA 10 50HP Admin,31241147b11522c9417e460ebb901b748d2b16c0ab15054e5218648375184c36,false,false
HH-Union DOT 10 No Min,c2056a61642cde2ca3690bb0a6ba1b0ccaa5ff7b9af23a8dbb881bf86211ca56,false,false
MNA 10 50HP Orient,5ed9ae23bc0fbfdc697e64428d93060921b27a2980f2f48db11507efb1fab5e3,false,false
MNA 10 50HP Orient Float,fd42d67f695a4e0bc86d0056dac68b6d461d38386a60d7e6722f296bcb2ed135,false,true
Administrative Leave TM,d10747f11e693735f05c30194efdd3b37ed1a5f2741a6ff2a7f2b421504ee188,false,true
Flex Personal TM,c072bc01037e596b89cecdc1507314b0579ca140d640b69095b408d60bbb78cf,false,true
TM-11 OT 50HP NU,15605b8e25e2adda6abcd3b203cd7a82fcd36a833fed0248838d9e7406895359,true,false
MNA 8 50HP Orient Float,c1399d8b198a92258134fb998b013c931a9b381d0b16a9f5ed5fb1ac35f335e4,false,true
MNA 9 50HP Admin,1d58d4892e9fb616bbe52577b14337733b67a7a07b20d06a05a291e114b8fcfd,false,false
TCN Admin TM,4f548ea28f16448c994dc094ad3a36499e855ca556b88c4e41103867bf770cd4,false,false
HH-ON CALL 10,7915eafc693b9e8611eeada9515e7b0e49dd54a3acd597b49359146a73564ed0,false,false
Hourly Unsched Call,a09186d8b0a163c80432a0845af7ebfbc94f21582916cdc9bcae902d23291de8,false,false
CANCELED_DEDUCT,8116e864c947d50248b8e737a9879a494ac45f7bef6a8a280246a2a6c94b9f27,false,true
Charge Pay Non Union TM,b42b129d18157a5285366e1853ef9ecc3ee9324ec1bcee7f1894e8b16102b9e3,false,false
WF-Non Union Meal LH Timestamp,12b2648009ed4f59363d9cf0a165d9b1bc3dbdfc01b25db619fbc0e85f35c059,false,false
TM-Admin Non Union,e60aa8302c08b884b626709f17102a6f87080b1c624d78ba80ed02149a20fe9b,false,false
Hourly Low Census On Call,af34f657be588627144a06740d9662c1ab6155873e2dc5f12dec83754099f22c,false,false
MNA 50 HP Calledin Work After S,0d7b1bcc8018aa1e1f96afa48d560e2d07ba6ea07d2e2c590f4b380be60d4dc4,false,false
Hourly Secondary,0960147a9f9c6a6fcf1a0a658612210d9e8787b62c40d5646d32698ab0277f5d,false,false
Jury Duty Eve TM,da970c0e04a8be109f3281fa5d88fb26520488a7140fd7e9da1e967c2621b7f6,false,true
Flex Holiday TM,e6f22b8f9f066ee45281d3799799c0b399843c4055ca1601ce9fd729d027aab4,false,true
MNA Temp Reassign 8 50HP PremNit,65d153d103b75ee6b0ec5ce73fff544f4b8f0596644bae4dba2e04ba798e1889,false,false
Sick MSL TM,0caa29e8a2de6e4f0ba5e80398a314b1dde0294950cb0f38f4ce906bc27e4f58,false,true
TM-Adm12 indirect PN,232a1263428830416a6150eee1bf7d54495ffa60860cf2b09b01577749be3b9f,false,false
TM-12 OT 100HP LH,db0b3e0db58997e1b16e55913061317825353e846dfd59dc0d410c1b896685d4,true,false
WF-Non Union Meal Timestamp,acacd72a14ebe0d058e28f50d2946c78bad62d4092fb50f4972532376ef253b8,false,false
